customer_id,sunriser,has_vas,ethnicity,bill_spent,data_usage,start_date,phone_purchased,previous_phone_brand,location
1001,Yes,Yes,Chinese,332,46,19/4/2024,IPHONE_16,Apple,NOVENA
1002,Yes,Yes,Chinese,227,289,4/3/2024,IPHONE_16,Apple,TAMPINES
1003,Yes,Yes,Chinese,427,55,16/6/2024,IPHONE_16,Apple,CHOA CHU KANG
1004,Yes,Yes,Chinese,374,29,3/2/2024,IPHONE_16,Apple,BUKIT TIMAH
1005,Yes,Yes,Chinese,994,51,7/4/2024,IPHONE_16,Apple,BUKIT TIMAH
1006,Yes,Yes,Chinese,886,259,31/8/2024,IPHONE_16,Apple,CHANGI BAY
1007,No,Yes,Chinese,458,291,19/4/2024,IPHONE_16,Apple,SINGAPORE RIVER
1008,No,Yes,Chinese,190,40,13/6/2024,IPHONE_16,Apple,BOON LAY
1009,No,Yes,Chinese,724,165,26/6/2024,IPHONE_16,Apple,PIONEER
1010,No,Yes,Chinese,103,35,25/8/2024,IPHONE_16,Apple,MUSEUM
1011,No,Yes,Chinese,602,200,13/5/2024,IPHONE_16,Apple,CHOA CHU KANG
1012,No,Yes,Chinese,718,194,14/2/2024,IPHONE_16,Apple,RIVER VALLEY
1013,No,Yes,Chinese,562,284,5/9/2024,IPHONE_16,Apple,MARINE PARADE
1014,No,Yes,Chinese,220,129,30/3/2024,IPHONE_16,Apple,QUEENSTOWN
1015,No,Yes,Chinese,849,118,4/7/2024,IPHONE_16,Apple,JURONG WEST
1016,No,Yes,Chinese,57,252,22/1/2024,IPHONE_16,Apple,NOVENA
1017,No,Yes,Chinese,603,159,16/8/2024,IPHONE_16,Apple,BISHAN
1018,No,Yes,Chinese,23,121,13/8/2024,IPHONE_16,Apple,PAYA LEBAR
1019,No,Yes,Chinese,751,284,5/8/2024,IPHONE_16,Apple,OUTRAM
1020,No,Yes,Chinese,44,268,23/4/2024,IPHONE_16,Apple,BISHAN
1021,No,Yes,Chinese,750,266,2/7/2024,IPHONE_16,Apple,CHANGI BAY
1022,No,Yes,Chinese,904,253,23/9/2024,IPHONE_16,Apple,BUKIT BATOK
1023,No,Yes,Chinese,149,140,16/1/2024,IPHONE_16,Apple,BISHAN
1024,No,Yes,Chinese,164,257,1/5/2024,IPHONE_16,Apple,OUTRAM
1025,No,Yes,Chinese,755,179,10/1/2024,IPHONE_16,Apple,BEDOK
1026,No,Yes,Chinese,44,59,3/1/2024,IPHONE_16,Apple,KALLANG
1027,No,Yes,Chinese,271,100,6/6/2024,IPHONE_16,Apple,TUAS
1028,No,Yes,Chinese,399,253,8/1/2024,IPHONE_16,Apple,TOA PAYOH
1029,No,Yes,Chinese,434,9,25/8/2024,IPHONE_16,Apple,ORCHARD
1030,No,Yes,Chinese,687,17,22/9/2024,IPHONE_16,Apple,SERANGOON
1031,Yes,Yes,Chinese,789,114,23/8/2024,IPHONE_16,Apple,GEYLANG
1032,Yes,Yes,Chinese,556,13,13/6/2024,IPHONE_16,Apple,MARINA EAST
1033,Yes,Yes,Chinese,258,121,9/1/2024,IPHONE_16,Apple,HOUGANG
1034,Yes,Yes,Chinese,804,25,16/3/2024,IPHONE_16,Apple,SOUTHERN ISLANDS
1035,Yes,Yes,Chinese,498,79,3/3/2024,IPHONE_16,Apple,JURONG WEST
1036,Yes,Yes,Chinese,488,109,7/8/2024,IPHONE_16,Apple,BOON LAY
1037,Yes,Yes,Chinese,808,227,25/9/2024,IPHONE_16,Apple,OUTRAM
1038,Yes,Yes,Chinese,714,238,27/8/2024,IPHONE_16,Apple,BUKIT MERAH
1039,Yes,Yes,Chinese,80,45,12/3/2024,IPHONE_16,Apple,CLEMENTI
1040,Yes,Yes,Chinese,881,239,18/9/2024,IPHONE_16,Apple,WESTERN ISLANDS
1041,Yes,Yes,Chinese,899,59,10/9/2024,IPHONE_16,Apple,TENGAH
1042,Yes,Yes,Chinese,72,33,19/8/2024,IPHONE_16,Apple,ANG MO KIO
1043,Yes,Yes,Chinese,303,246,7/2/2024,IPHONE_16,Apple,MUSEUM
1044,Yes,Yes,Chinese,332,72,11/9/2024,IPHONE_16,Apple,STRAITS VIEW
1045,Yes,Yes,Chinese,55,186,26/2/2024,IPHONE_16,Apple,MARINA EAST
1046,Yes,Yes,Chinese,577,219,10/5/2024,IPHONE_16,Andriod,JURONG WEST
1047,Yes,Yes,Chinese,381,217,8/6/2024,IPHONE_16,Andriod,TUAS
1048,Yes,Yes,Chinese,805,151,12/7/2024,IPHONE_16,Andriod,TOA PAYOH
1049,Yes,Yes,Chinese,251,257,26/1/2024,IPHONE_16,Andriod,RIVER VALLEY
1050,Yes,Yes,Chinese,926,190,28/6/2024,IPHONE_16,Andriod,BUKIT TIMAH
1051,Yes,Yes,Chinese,108,176,12/6/2024,IPHONE_16,Andriod,BUKIT TIMAH
1052,Yes,Yes,Chinese,746,269,7/2/2024,IPHONE_16,Andriod,SINGAPORE RIVER
1053,No,Yes,Chinese,122,128,6/1/2024,IPHONE_16,Andriod,NEWTON
1054,No,Yes,Chinese,400,220,8/9/2024,IPHONE_16,Andriod,KALLANG
1055,No,Yes,Chinese,815,72,4/6/2024,IPHONE_16,Andriod,CLEMENTI
1056,No,Yes,Chinese,833,232,8/7/2024,IPHONE_16,Andriod,TENGAH
1057,No,Yes,Chinese,595,295,28/6/2024,IPHONE_16,Andriod,QUEENSTOWN
1058,No,Yes,Chinese,344,292,4/3/2024,IPHONE_16,Andriod,PIONEER
1059,No,Yes,Chinese,716,117,10/9/2024,IPHONE_16,Andriod,KALLANG
1060,No,Yes,Chinese,314,252,5/7/2024,IPHONE_16,Andriod,ROCHOR
1061,No,Yes,Chinese,525,187,11/2/2024,IPHONE_16,Andriod,MARINE PARADE
1062,No,Yes,Chinese,342,273,28/5/2024,IPHONE_16,Andriod,BUKIT TIMAH
1063,No,Yes,Chinese,745,298,14/5/2024,IPHONE_16,Andriod,TENGAH
1064,No,Yes,Chinese,387,61,13/2/2024,IPHONE_16,Andriod,TOA PAYOH
1065,No,Yes,Chinese,980,202,19/3/2024,IPHONE_16,Andriod,DOWNTOWN CORE
1066,No,Yes,Chinese,202,291,6/4/2024,IPHONE_16,Andriod,TAMPINES
1067,No,Yes,Chinese,115,64,11/8/2024,IPHONE_16,Andriod,CHANGI BAY
1068,No,Yes,Chinese,538,269,24/5/2024,IPHONE_16,Andriod,DOWNTOWN CORE
1069,No,Yes,Chinese,117,8,14/4/2024,IPHONE_16,Andriod,GEYLANG
1070,No,Yes,Chinese,176,56,20/2/2024,IPHONE_16,Andriod,GEYLANG
1071,No,Yes,Chinese,27,120,19/6/2024,IPHONE_16,Andriod,TOA PAYOH
1072,No,Yes,Chinese,8,209,19/6/2024,IPHONE_16,Andriod,TOA PAYOH
1073,No,Yes,Chinese,76,8,18/5/2024,IPHONE_16,Andriod,BOON LAY
1074,No,Yes,Chinese,983,64,7/9/2024,IPHONE_16,Andriod,BUKIT PANJANG
1075,No,Yes,Chinese,855,273,20/9/2024,IPHONE_16,Andriod,MARINA SOUTH
1076,No,Yes,Chinese,598,97,12/9/2024,IPHONE_16,Andriod,BEDOK
1077,No,Yes,Chinese,556,297,7/5/2024,IPHONE_16,Andriod,DOWNTOWN CORE
1078,No,Yes,Chinese,500,222,14/8/2024,IPHONE_16,Andriod,GEYLANG
1079,No,Yes,Chinese,535,30,23/1/2024,IPHONE_16,Andriod,ANG MO KIO
1080,No,Yes,Chinese,60,276,14/7/2024,IPHONE_16,Andriod,KALLANG
1081,No,Yes,Chinese,978,252,18/7/2024,IPHONE_16,Andriod,STRAITS VIEW
1082,No,Yes,Chinese,368,261,4/5/2024,IPHONE_16,Andriod,KALLANG
1083,No,Yes,Chinese,55,195,6/1/2024,IPHONE_16,Andriod,CLEMENTI
1084,No,Yes,Chinese,665,152,15/6/2024,IPHONE_16,Andriod,TENGAH
1085,No,Yes,Chinese,922,168,30/5/2024,IPHONE_16,Andriod,STRAITS VIEW
1086,No,Yes,Chinese,812,77,30/4/2024,IPHONE_16,Andriod,GEYLANG
1087,No,Yes,Chinese,7,260,3/2/2024,IPHONE_16,Andriod,BUKIT BATOK
1088,No,Yes,Chinese,418,13,24/1/2024,IPHONE_16,Andriod,ORCHARD
1089,No,Yes,Chinese,5,78,29/8/2024,IPHONE_16,Andriod,STRAITS VIEW
1090,No,Yes,Chinese,663,88,24/2/2024,IPHONE_16,Andriod,TUAS
1091,No,Yes,Chinese,39,218,23/8/2024,IPHONE_16,Andriod,ORCHARD
1092,No,Yes,Chinese,293,223,22/6/2024,IPHONE_16,Andriod,OUTRAM
1093,No,Yes,Chinese,938,53,20/6/2024,IPHONE_16,Andriod,JURONG WEST
1094,No,Yes,Chinese,458,63,24/8/2024,IPHONE_16,Andriod,QUEENSTOWN
1095,No,Yes,Chinese,762,220,5/4/2024,IPHONE_16,Andriod,CHANGI BAY
1096,No,Yes,Chinese,376,216,28/2/2024,IPHONE_16,Andriod,BUKIT PANJANG
1097,No,Yes,Chinese,49,175,11/4/2024,IPHONE_16,Andriod,PASIR RIS
1098,No,Yes,Chinese,586,196,24/6/2024,IPHONE_16,Andriod,TUAS
1099,No,Yes,Chinese,184,199,10/1/2024,IPHONE_16,Andriod,NEWTON
1100,No,Yes,Chinese,482,108,22/5/2024,IPHONE_16,Andriod,DOWNTOWN CORE
1101,No,Yes,Chinese,377,286,2/8/2024,IPHONE_16,Andriod,KALLANG
1102,No,Yes,Chinese,71,175,11/1/2024,IPHONE_16,Andriod,OUTRAM
1103,No,Yes,Chinese,821,62,1/9/2024,IPHONE_16,Andriod,WESTERN ISLANDS
1104,No,Yes,Chinese,673,128,1/1/2024,IPHONE_16,Andriod,BEDOK
1105,No,Yes,Chinese,669,32,20/5/2024,IPHONE_16,Andriod,JURONG WEST
1106,No,Yes,Chinese,527,44,19/7/2024,IPHONE_16,Andriod,ORCHARD
1107,No,Yes,Chinese,427,94,11/8/2024,IPHONE_16,Andriod,SOUTHERN ISLANDS
1108,No,Yes,Chinese,681,28,4/3/2024,IPHONE_16,Andriod,DOWNTOWN CORE
1109,No,Yes,Chinese,292,200,6/8/2024,IPHONE_16,Andriod,SINGAPORE RIVER
1110,No,Yes,Chinese,479,125,1/9/2024,IPHONE_16,Andriod,BOON LAY
1111,No,Yes,Chinese,84,254,6/5/2024,IPHONE_16,Andriod,QUEENSTOWN
1112,No,Yes,Chinese,448,141,21/8/2024,IPHONE_16,Andriod,PASIR RIS
1113,No,Yes,Chinese,857,155,28/4/2024,IPHONE_16,Andriod,PIONEER
1114,No,Yes,Chinese,412,210,29/3/2024,IPHONE_16,Andriod,GEYLANG
1115,No,Yes,Chinese,844,180,20/2/2024,IPHONE_16,Andriod,NEWTON
1116,No,Yes,Chinese,605,191,15/9/2024,IPHONE_16,Andriod,CHOA CHU KANG
1117,No,Yes,Chinese,571,241,15/2/2024,IPHONE_16,Andriod,TAMPINES
1118,No,Yes,Chinese,655,243,15/1/2024,IPHONE_16,Andriod,BOON LAY
1119,No,Yes,Chinese,951,147,2/7/2024,IPHONE_16,Andriod,GEYLANG
1120,No,Yes,Chinese,270,250,12/2/2024,IPHONE_16,Andriod,BISHAN
1121,No,Yes,Chinese,699,22,1/2/2024,IPHONE_16,Andriod,OUTRAM
1122,No,Yes,Chinese,384,251,5/2/2024,IPHONE_16,Andriod,BISHAN
1123,No,Yes,Chinese,756,194,3/9/2024,IPHONE_16,Andriod,MARINA SOUTH
1124,No,Yes,Chinese,388,53,1/7/2024,IPHONE_16,Andriod,NEWTON
1125,No,Yes,Chinese,480,265,30/5/2024,IPHONE_16,Andriod,ROCHOR
1126,No,Yes,Chinese,271,212,13/4/2024,IPHONE_16,Andriod,BUKIT MERAH
1127,No,Yes,Chinese,219,144,22/2/2024,IPHONE_16,Andriod,TOA PAYOH
1128,No,Yes,Chinese,873,4,13/5/2024,IPHONE_16,Andriod,NEWTON
1129,No,Yes,Chinese,844,90,13/4/2024,IPHONE_16,Andriod,STRAITS VIEW
1130,No,Yes,Chinese,601,249,23/4/2024,IPHONE_16,Andriod,BUKIT MERAH
1131,No,Yes,Chinese,377,222,3/3/2024,IPHONE_16,Andriod,GEYLANG
1132,No,Yes,Chinese,105,17,11/9/2024,IPHONE_16,Andriod,NEWTON
1133,No,Yes,Chinese,984,151,11/9/2024,IPHONE_16,Andriod,MARINA SOUTH
1134,No,Yes,Chinese,595,293,15/4/2024,IPHONE_16,Andriod,TUAS
1135,No,Yes,Chinese,942,104,17/6/2024,IPHONE_16,Andriod,PIONEER
1136,No,Yes,Chinese,906,255,8/1/2024,IPHONE_16,Andriod,SOUTHERN ISLANDS
1137,No,Yes,Chinese,138,286,15/1/2024,IPHONE_16,Andriod,BOON LAY
1138,No,Yes,Chinese,253,137,12/9/2024,IPHONE_16,Andriod,CHANGI BAY
1139,No,Yes,Chinese,42,280,26/7/2024,IPHONE_16,Andriod,NOVENA
1140,No,Yes,Chinese,455,289,28/3/2024,IPHONE_16,Andriod,MARINA SOUTH
1141,No,Yes,Chinese,849,194,1/6/2024,IPHONE_16,Andriod,BOON LAY
1142,No,Yes,Chinese,268,172,3/5/2024,IPHONE_16,Andriod,BUKIT MERAH
1143,No,Yes,Chinese,69,112,17/7/2024,IPHONE_16,Andriod,MARINA SOUTH
1144,No,Yes,Chinese,140,248,13/5/2024,IPHONE_16,Andriod,BISHAN
1145,No,Yes,Chinese,680,294,28/1/2024,IPHONE_16,Andriod,BUKIT BATOK
1146,No,Yes,Chinese,721,274,8/1/2024,IPHONE_16,Andriod,CHANGI BAY
1147,No,Yes,Chinese,12,25,24/3/2024,IPHONE_16,Andriod,PAYA LEBAR
1148,No,Yes,Chinese,151,291,17/6/2024,IPHONE_16,Andriod,BUKIT PANJANG
1149,No,Yes,Chinese,145,83,31/8/2024,IPHONE_16,Andriod,CHOA CHU KANG
1150,No,Yes,Chinese,166,168,28/8/2024,IPHONE_16,Andriod,QUEENSTOWN
1151,No,Yes,Chinese,463,136,19/6/2024,IPHONE_16,Andriod,CHANGI BAY
1152,No,Yes,Chinese,601,266,5/6/2024,IPHONE_16,Andriod,PAYA LEBAR
1153,No,Yes,Chinese,539,139,4/6/2024,IPHONE_16,Andriod,PASIR RIS
1154,No,Yes,Chinese,363,233,14/7/2024,IPHONE_16,Andriod,MARINA SOUTH
1155,No,Yes,Chinese,880,267,6/1/2024,IPHONE_16,Andriod,TAMPINES
1156,No,Yes,Chinese,861,5,19/3/2024,IPHONE_16,Andriod,CHOA CHU KANG
1157,No,Yes,Chinese,766,237,9/8/2024,IPHONE_16,Andriod,BUKIT PANJANG
1158,No,Yes,Chinese,237,38,26/9/2024,IPHONE_16,Andriod,HOUGANG
1159,No,Yes,Chinese,165,146,10/3/2024,IPHONE_16,Andriod,DOWNTOWN CORE
1160,No,Yes,Chinese,914,212,15/8/2024,IPHONE_16,Andriod,ANG MO KIO
1161,No,Yes,Chinese,358,4,23/7/2024,IPHONE_16,Andriod,TUAS
1162,No,Yes,Chinese,999,300,2/7/2024,IPHONE_16,Andriod,BOON LAY
1163,No,Yes,Chinese,231,235,3/3/2024,IPHONE_16,Andriod,DOWNTOWN CORE
1164,No,Yes,Chinese,971,236,20/6/2024,IPHONE_16,Andriod,JURONG WEST
1165,No,Yes,Chinese,894,20,13/6/2024,IPHONE_16,Andriod,CHOA CHU KANG
1166,No,Yes,Chinese,621,60,5/3/2024,IPHONE_16,Andriod,WESTERN ISLANDS
1167,No,Yes,Chinese,573,145,18/3/2024,IPHONE_16,Andriod,GEYLANG
1168,No,Yes,Chinese,388,18,12/6/2024,IPHONE_16,Andriod,JURONG WEST
1169,No,Yes,Chinese,862,32,2/4/2024,IPHONE_16,Andriod,JURONG EAST
1170,No,Yes,Chinese,261,21,26/2/2024,IPHONE_16,Andriod,BUKIT BATOK
1171,No,Yes,Chinese,456,52,6/5/2024,IPHONE_16,Andriod,CLEMENTI
1172,No,Yes,Chinese,318,159,30/4/2024,IPHONE_16,Andriod,BOON LAY
1173,No,Yes,Chinese,634,299,4/5/2024,IPHONE_16,Andriod,BUKIT MERAH
1174,No,Yes,Chinese,140,128,21/6/2024,IPHONE_16,Andriod,BOON LAY
1175,No,Yes,Chinese,412,155,16/9/2024,IPHONE_16,Andriod,JURONG EAST
1176,No,Yes,Chinese,611,54,22/4/2024,IPHONE_16,Andriod,BUKIT MERAH
1177,No,Yes,Chinese,573,156,1/6/2024,IPHONE_16,Andriod,TANGLIN
1178,No,Yes,Chinese,646,102,13/9/2024,IPHONE_16,Andriod,PAYA LEBAR
1179,No,Yes,Chinese,562,15,18/4/2024,IPHONE_16,Andriod,KALLANG
1180,No,Yes,Chinese,103,130,28/6/2024,IPHONE_16,Andriod,MUSEUM
1181,No,Yes,Chinese,809,33,1/9/2024,IPHONE_16,Andriod,PASIR RIS
1182,No,Yes,Chinese,21,230,18/1/2024,IPHONE_16,Andriod,PASIR RIS
1183,No,Yes,Chinese,397,95,27/7/2024,IPHONE_16,Andriod,MUSEUM
1184,No,Yes,Chinese,400,0,3/7/2024,IPHONE_16,Andriod,CHOA CHU KANG
1185,No,Yes,Chinese,256,50,2/9/2024,IPHONE_16,Andriod,TUAS
1186,No,Yes,Chinese,168,39,5/8/2024,IPHONE_16,Andriod,GEYLANG
1187,No,Yes,Chinese,889,42,20/5/2024,IPHONE_16,Andriod,PASIR RIS
1188,No,Yes,Chinese,962,295,20/3/2024,IPHONE_16,Andriod,BISHAN
1189,No,Yes,Chinese,5,274,10/7/2024,IPHONE_16,Andriod,PAYA LEBAR
1190,No,Yes,Chinese,124,37,7/9/2024,IPHONE_16,Andriod,TAMPINES
1191,No,Yes,Chinese,618,109,17/2/2024,IPHONE_16,Andriod,BUKIT BATOK
1192,No,Yes,Chinese,796,245,14/3/2024,IPHONE_16,Andriod,TENGAH
1193,No,Yes,Chinese,375,292,12/8/2024,IPHONE_16,Apple,PAYA LEBAR
1194,No,Yes,Chinese,889,205,2/3/2024,IPHONE_16,Apple,CHOA CHU KANG
1195,No,Yes,Chinese,942,120,14/5/2024,IPHONE_16,Apple,BUKIT PANJANG
1196,No,Yes,Chinese,464,264,23/6/2024,IPHONE_16,Apple,STRAITS VIEW
1197,No,Yes,Chinese,22,285,8/2/2024,IPHONE_16,Apple,BEDOK
1198,No,Yes,Chinese,939,177,31/3/2024,IPHONE_16,Apple,CHOA CHU KANG
1199,No,Yes,Chinese,956,239,30/7/2024,IPHONE_16,Apple,JURONG EAST
1200,No,Yes,Chinese,671,207,6/4/2024,IPHONE_16,Apple,MARINA EAST
1201,No,Yes,Chinese,763,273,9/6/2024,IPHONE_16,Apple,HOUGANG
1202,No,Yes,Chinese,673,243,27/8/2024,IPHONE_16,Apple,NOVENA
1203,No,Yes,Chinese,201,236,22/1/2024,IPHONE_16,Apple,BISHAN
1204,No,Yes,Chinese,267,146,21/4/2024,IPHONE_16,Apple,MARINA EAST
1205,No,Yes,Chinese,825,146,17/8/2024,IPHONE_16,Apple,CHOA CHU KANG
1206,No,Yes,Chinese,131,126,21/1/2024,IPHONE_16,Apple,ROCHOR
1207,No,Yes,Chinese,418,176,24/1/2024,IPHONE_16,Apple,HOUGANG
1208,No,Yes,Chinese,989,44,13/7/2024,IPHONE_16,Apple,STRAITS VIEW
1209,No,Yes,Chinese,811,216,25/7/2024,IPHONE_16,Apple,BOON LAY
1210,No,Yes,Chinese,774,226,14/4/2024,IPHONE_16,Apple,STRAITS VIEW
1211,No,Yes,Chinese,789,108,26/1/2024,IPHONE_16,Apple,TENGAH
1212,No,Yes,Chinese,165,174,8/7/2024,IPHONE_16,Apple,TAMPINES
1213,No,Yes,Chinese,432,180,28/7/2024,IPHONE_16,Apple,SOUTHERN ISLANDS
1214,No,Yes,Chinese,280,228,2/8/2024,IPHONE_16,Apple,PIONEER
1215,No,Yes,Chinese,29,175,24/9/2024,IPHONE_16,Apple,MARINA EAST
1216,No,Yes,Chinese,909,220,13/3/2024,IPHONE_16,Apple,DOWNTOWN CORE
1217,No,Yes,Chinese,838,259,2/8/2024,IPHONE_16,Apple,MARINE PARADE
1218,No,Yes,Chinese,444,158,26/1/2024,IPHONE_16,Apple,MARINA SOUTH
1219,No,Yes,Chinese,877,117,16/9/2024,IPHONE_16,Apple,ANG MO KIO
1220,No,Yes,Chinese,151,143,25/2/2024,IPHONE_16,Apple,SOUTHERN ISLANDS
1221,No,Yes,Chinese,890,187,4/8/2024,IPHONE_16,Apple,TUAS
1222,No,Yes,Chinese,844,105,3/7/2024,IPHONE_16,Apple,TAMPINES
1223,No,Yes,Chinese,89,146,13/6/2024,IPHONE_16,Apple,TOA PAYOH
1224,No,Yes,Chinese,696,267,19/8/2024,IPHONE_16,Apple,MARINA EAST
1225,No,Yes,Chinese,168,199,11/8/2024,IPHONE_16,Apple,OUTRAM
1226,No,Yes,Chinese,751,24,27/9/2024,IPHONE_16,Apple,PASIR RIS
1227,No,Yes,Chinese,470,184,16/9/2024,IPHONE_16,Apple,BUKIT BATOK
1228,No,Yes,Chinese,168,42,23/4/2024,IPHONE_16,Apple,QUEENSTOWN
1229,No,Yes,Chinese,691,148,12/7/2024,IPHONE_16,Apple,TANGLIN
1230,No,Yes,Chinese,582,199,11/7/2024,IPHONE_16,Apple,SOUTHERN ISLANDS
1231,No,Yes,Chinese,509,293,16/7/2024,IPHONE_16,Apple,BUKIT PANJANG
1232,No,Yes,Chinese,980,32,22/6/2024,IPHONE_16,Apple,CHOA CHU KANG
1233,No,Yes,Chinese,513,216,6/3/2024,IPHONE_16,Apple,MARINA EAST
1234,No,Yes,Chinese,385,241,27/9/2024,IPHONE_16,Apple,HOUGANG
1235,No,Yes,Chinese,117,278,26/9/2024,IPHONE_16,Apple,STRAITS VIEW
1236,No,Yes,Chinese,83,207,4/4/2024,IPHONE_16,Apple,BUKIT MERAH
1237,No,Yes,Chinese,531,125,12/3/2024,IPHONE_16,Apple,PASIR RIS
1238,No,Yes,Chinese,178,101,15/5/2024,IPHONE_16,Apple,MARINA EAST
1239,No,Yes,Chinese,410,254,23/1/2024,IPHONE_16,Apple,MARINA SOUTH
1240,No,Yes,Chinese,430,289,28/8/2024,IPHONE_16,Apple,QUEENSTOWN
1241,No,Yes,Chinese,951,223,29/8/2024,IPHONE_16,Apple,ORCHARD
1242,No,Yes,Chinese,292,39,3/5/2024,IPHONE_16,Apple,MARINA SOUTH
1243,No,Yes,Chinese,71,30,4/6/2024,IPHONE_16,Apple,STRAITS VIEW
1244,No,Yes,Chinese,119,168,26/5/2024,IPHONE_16,Apple,SOUTHERN ISLANDS
1245,No,Yes,Chinese,42,132,16/6/2024,IPHONE_16,Apple,HOUGANG
1246,No,Yes,Chinese,729,97,16/3/2024,IPHONE_16,Apple,JURONG WEST
1247,No,Yes,Chinese,909,83,22/6/2024,IPHONE_16,Apple,DOWNTOWN CORE
1248,No,Yes,Chinese,116,281,1/5/2024,IPHONE_16,Apple,MARINA EAST
1249,No,Yes,Chinese,597,189,17/8/2024,IPHONE_16,Apple,SINGAPORE RIVER
1250,No,Yes,Chinese,853,192,31/1/2024,IPHONE_16,Apple,TUAS
1251,No,Yes,Chinese,795,149,9/4/2024,IPHONE_16,Apple,NOVENA
1252,No,Yes,Chinese,382,182,20/8/2024,IPHONE_16,Apple,BUKIT PANJANG
1253,No,Yes,Chinese,601,251,6/4/2024,IPHONE_16,Apple,BUKIT MERAH
1254,No,Yes,Chinese,582,20,12/8/2024,IPHONE_16,Apple,SINGAPORE RIVER
1255,No,Yes,Chinese,938,29,8/1/2024,IPHONE_16,Apple,KALLANG
1256,No,Yes,Chinese,401,43,14/8/2024,IPHONE_16,Apple,MARINE PARADE
1257,No,Yes,Chinese,835,176,16/3/2024,IPHONE_16,Apple,MARINE PARADE
1258,No,Yes,Chinese,258,241,2/7/2024,IPHONE_16,Apple,TANGLIN
1259,No,Yes,Chinese,146,226,21/9/2024,IPHONE_16,Apple,BUKIT BATOK
1260,No,Yes,Chinese,691,49,18/7/2024,IPHONE_16,Apple,PAYA LEBAR
1261,No,Yes,Chinese,426,197,12/7/2024,IPHONE_16,Apple,RIVER VALLEY
1262,No,Yes,Chinese,15,150,11/5/2024,IPHONE_16,Apple,MARINE PARADE
1263,No,Yes,Chinese,338,40,3/8/2024,IPHONE_16,Apple,BOON LAY
1264,No,Yes,Chinese,639,143,26/8/2024,IPHONE_16,Apple,ROCHOR
1265,No,Yes,Chinese,224,67,20/3/2024,IPHONE_16,Apple,GEYLANG
1266,No,Yes,Chinese,180,80,15/9/2024,IPHONE_16,Apple,JURONG EAST
1267,No,Yes,Chinese,851,142,8/8/2024,IPHONE_16,Apple,DOWNTOWN CORE
1268,No,Yes,Chinese,600,59,4/2/2024,IPHONE_16,Apple,NOVENA
1269,No,Yes,Chinese,479,222,22/9/2024,IPHONE_16,Apple,BISHAN
1270,No,Yes,Chinese,26,296,6/5/2024,IPHONE_16,Apple,MARINA SOUTH
1271,No,Yes,Chinese,436,227,16/2/2024,IPHONE_16,Apple,ROCHOR
1272,No,Yes,Chinese,396,16,31/8/2024,IPHONE_16,Apple,DOWNTOWN CORE
1273,No,Yes,Chinese,360,197,13/9/2024,IPHONE_16,Apple,JURONG WEST
1274,No,Yes,Chinese,600,133,25/4/2024,IPHONE_16,Apple,PASIR RIS
1275,No,Yes,Chinese,569,51,6/6/2024,IPHONE_16,Apple,TAMPINES
1276,No,Yes,Chinese,792,79,3/3/2024,IPHONE_16,Apple,ANG MO KIO
1277,No,Yes,Chinese,829,275,11/6/2024,IPHONE_16,Apple,OUTRAM
1278,No,Yes,Chinese,66,287,18/9/2024,IPHONE_16,Apple,ORCHARD
1279,No,Yes,Chinese,318,228,27/5/2024,IPHONE_16,Apple,SOUTHERN ISLANDS
1280,No,Yes,Chinese,837,116,21/3/2024,IPHONE_16,Apple,TAMPINES
1281,No,Yes,Chinese,691,197,16/8/2024,IPHONE_16,Apple,RIVER VALLEY
1282,No,Yes,Chinese,405,130,11/9/2024,IPHONE_16,Apple,MARINA SOUTH
1283,No,Yes,Chinese,181,299,14/1/2024,IPHONE_16,Apple,BUKIT TIMAH
1284,No,Yes,Chinese,928,114,25/4/2024,IPHONE_16,Apple,TANGLIN
1285,No,Yes,Chinese,818,112,6/9/2024,IPHONE_16,Apple,PIONEER
1286,No,Yes,Chinese,21,85,22/4/2024,IPHONE_16,Apple,ANG MO KIO
1287,No,Yes,Chinese,519,37,8/2/2024,IPHONE_16,Apple,ORCHARD
1288,No,Yes,Chinese,197,71,11/3/2024,IPHONE_16,Apple,MARINA EAST
1289,No,Yes,Chinese,883,214,14/3/2024,IPHONE_16,Apple,SINGAPORE RIVER
1290,No,Yes,Chinese,760,293,5/6/2024,IPHONE_16,Apple,MARINA SOUTH
1291,No,Yes,Chinese,146,110,26/6/2024,IPHONE_16,Apple,PAYA LEBAR
1292,No,Yes,Chinese,158,269,18/4/2024,IPHONE_16,Apple,PIONEER
1293,No,Yes,Chinese,601,105,25/1/2024,IPHONE_16,Apple,WESTERN ISLANDS
1294,No,Yes,Chinese,297,40,21/4/2024,IPHONE_16,Apple,NOVENA
1295,No,Yes,Chinese,486,49,4/2/2024,IPHONE_16,Apple,DOWNTOWN CORE
1296,No,Yes,Chinese,816,39,18/1/2024,IPHONE_16,Apple,KALLANG
1297,No,Yes,Chinese,9,2,11/1/2024,IPHONE_16,Apple,TANGLIN
1298,No,Yes,Chinese,332,299,14/3/2024,IPHONE_16,Apple,OUTRAM
1299,No,Yes,Chinese,39,124,20/6/2024,IPHONE_16,Apple,TENGAH
1300,No,Yes,Chinese,838,290,13/3/2024,IPHONE_16,Apple,CLEMENTI
1301,No,Yes,Chinese,924,125,28/8/2024,IPHONE_16,Apple,SOUTHERN ISLANDS
1302,No,Yes,Chinese,560,240,7/8/2024,IPHONE_16,Apple,TUAS
1303,No,Yes,Chinese,970,97,17/8/2024,IPHONE_16,Apple,MARINA EAST
1304,No,Yes,Chinese,556,259,14/2/2024,IPHONE_16,Apple,TOA PAYOH
1305,No,Yes,Chinese,926,237,1/9/2024,IPHONE_16,Apple,MARINA SOUTH
1306,No,Yes,Malay,41,26,31/7/2024,IPHONE_16,Apple,WESTERN ISLANDS
1307,No,Yes,Malay,460,220,5/2/2024,IPHONE_16,Apple,BUKIT TIMAH
1308,No,Yes,Malay,98,128,26/7/2024,IPHONE_16,Apple,BOON LAY
1309,No,Yes,Malay,497,143,9/3/2024,IPHONE_16,Apple,ORCHARD
1310,No,Yes,Malay,583,200,2/8/2024,IPHONE_16,Apple,ROCHOR
1311,No,Yes,Malay,724,55,7/8/2024,IPHONE_16,Apple,TAMPINES
1312,No,Yes,Malay,475,215,5/9/2024,IPHONE_16,Apple,SINGAPORE RIVER
1313,No,Yes,Malay,205,215,27/3/2024,IPHONE_16,Apple,STRAITS VIEW
1314,No,Yes,Malay,955,179,15/6/2024,IPHONE_16,Apple,WESTERN ISLANDS
1315,No,Yes,Malay,293,5,30/3/2024,IPHONE_16,Apple,BOON LAY
1316,No,Yes,Malay,183,182,25/5/2024,IPHONE_16,Apple,CLEMENTI
1317,No,Yes,Malay,371,194,27/9/2024,IPHONE_16,Apple,PAYA LEBAR
1318,No,Yes,Malay,548,65,9/7/2024,IPHONE_16,Apple,SOUTHERN ISLANDS
1319,No,Yes,Malay,632,203,26/7/2024,IPHONE_16,Apple,MARINA SOUTH
1320,No,Yes,Malay,905,79,14/1/2024,IPHONE_16,Apple,OUTRAM
1321,No,Yes,Malay,246,92,11/1/2024,IPHONE_16,Apple,JURONG WEST
1322,No,Yes,Malay,650,25,9/3/2024,IPHONE_16,Apple,KALLANG
1323,No,Yes,Malay,257,48,20/2/2024,IPHONE_16,Apple,CHOA CHU KANG
1324,No,Yes,Malay,19,257,15/9/2024,IPHONE_16,Apple,TANGLIN
1325,No,Yes,Malay,910,163,5/9/2024,IPHONE_16,Apple,CLEMENTI
1326,No,Yes,Malay,656,255,21/1/2024,IPHONE_16,Apple,JURONG WEST
1327,No,Yes,Malay,903,268,28/7/2024,IPHONE_16,Apple,TOA PAYOH
1328,No,Yes,Malay,170,240,8/8/2024,IPHONE_16,Apple,PASIR RIS
1329,No,Yes,Malay,597,297,17/7/2024,IPHONE_16,Apple,ORCHARD
1330,No,Yes,Malay,656,33,7/7/2024,IPHONE_16,Apple,TUAS
1331,No,Yes,Malay,109,234,13/2/2024,IPHONE_16,Apple,TENGAH
1332,No,Yes,Malay,727,284,27/8/2024,IPHONE_16,Apple,BEDOK
1333,No,Yes,Malay,955,251,26/1/2024,IPHONE_16,Apple,CHOA CHU KANG
1334,No,Yes,Malay,832,75,3/2/2024,IPHONE_16,Apple,NOVENA
1335,No,Yes,Malay,685,14,20/9/2024,IPHONE_16,Apple,BUKIT PANJANG
1336,No,Yes,Malay,53,271,12/8/2024,IPHONE_16,Apple,BISHAN
1337,No,Yes,Malay,789,149,13/4/2024,IPHONE_16,Apple,NEWTON
1338,No,Yes,Malay,647,234,28/6/2024,IPHONE_16,Apple,JURONG WEST
1339,No,Yes,Malay,464,116,13/7/2024,IPHONE_16,Apple,PAYA LEBAR
1340,No,Yes,Malay,686,187,15/8/2024,IPHONE_16,Andriod,BISHAN
1341,No,Yes,Malay,966,296,21/7/2024,IPHONE_16,Andriod,SINGAPORE RIVER
1342,No,Yes,Malay,779,163,8/8/2024,IPHONE_16,Andriod,MUSEUM
1343,No,Yes,Malay,642,8,9/8/2024,IPHONE_16,Andriod,TUAS
1344,No,Yes,Malay,77,166,30/8/2024,IPHONE_16,Andriod,BUKIT BATOK
1345,No,Yes,Malay,702,170,2/5/2024,IPHONE_16,Andriod,STRAITS VIEW
1346,No,Yes,Malay,483,111,31/7/2024,IPHONE_16,Andriod,JURONG WEST
1347,No,Yes,Malay,385,193,28/4/2024,IPHONE_16,Andriod,BUKIT MERAH
1348,No,Yes,Malay,578,38,15/4/2024,IPHONE_16,Andriod,TOA PAYOH
1349,No,Yes,Malay,264,151,11/6/2024,IPHONE_16,Andriod,CLEMENTI
1350,No,Yes,Malay,41,209,10/8/2024,IPHONE_16,Andriod,KALLANG
1351,Yes,Yes,Malay,328,274,26/1/2024,IPHONE_16,Andriod,WESTERN ISLANDS
1352,Yes,Yes,Malay,650,86,4/7/2024,IPHONE_16,Andriod,WESTERN ISLANDS
1353,Yes,Yes,Malay,457,183,19/1/2024,IPHONE_16,Andriod,ANG MO KIO
1354,Yes,Yes,Malay,815,33,15/8/2024,IPHONE_16,Andriod,PIONEER
1355,Yes,Yes,Malay,246,56,12/3/2024,IPHONE_16,Andriod,BUKIT BATOK
1356,Yes,Yes,Malay,660,154,8/3/2024,IPHONE_16,Andriod,NEWTON
1357,Yes,Yes,Malay,328,123,1/5/2024,IPHONE_16,Andriod,DOWNTOWN CORE
1358,Yes,Yes,Malay,863,50,26/3/2024,IPHONE_16,Andriod,HOUGANG
1359,Yes,Yes,Malay,87,169,28/5/2024,IPHONE_16,Andriod,BUKIT BATOK
1360,Yes,Yes,Malay,13,208,8/8/2024,IPHONE_16,Andriod,PIONEER
1361,Yes,Yes,Malay,288,245,9/9/2024,IPHONE_15,Andriod,BUKIT TIMAH
1362,Yes,Yes,Malay,227,121,14/9/2024,IPHONE_15,Andriod,TAMPINES
1363,Yes,Yes,Malay,91,176,3/1/2024,IPHONE_15,Andriod,TENGAH
1364,Yes,Yes,Malay,761,196,7/4/2024,IPHONE_15,Andriod,QUEENSTOWN
1365,Yes,Yes,Malay,807,177,9/4/2024,IPHONE_15,Andriod,MARINA EAST
1366,Yes,Yes,Malay,282,288,29/7/2024,IPHONE_15,Andriod,BOON LAY
1367,Yes,Yes,Malay,338,174,28/9/2024,IPHONE_15,Andriod,SINGAPORE RIVER
1368,Yes,Yes,Malay,352,35,29/8/2024,IPHONE_15,Andriod,KALLANG
1369,Yes,Yes,Malay,988,282,19/8/2024,IPHONE_15,Andriod,PASIR RIS
1370,Yes,Yes,Malay,270,123,3/4/2024,IPHONE_15,Apple,JURONG EAST
1371,Yes,Yes,Malay,315,41,21/7/2024,IPHONE_15,Apple,SERANGOON
1372,Yes,Yes,Malay,282,253,28/1/2024,IPHONE_15,Apple,BUKIT BATOK
1373,Yes,Yes,Malay,455,126,30/3/2024,IPHONE_15,Apple,NEWTON
1374,Yes,Yes,Malay,61,17,12/4/2024,IPHONE_15,Apple,OUTRAM
1375,Yes,Yes,Malay,338,136,21/7/2024,IPHONE_15,Apple,SERANGOON
1376,Yes,Yes,Malay,253,224,15/8/2024,IPHONE_15,Apple,JURONG WEST
1377,Yes,Yes,Malay,214,274,4/1/2024,IPHONE_15,Apple,CHOA CHU KANG
1378,Yes,Yes,Malay,324,243,10/1/2024,IPHONE_15,Apple,WESTERN ISLANDS
1379,Yes,Yes,Malay,808,176,22/9/2024,IPHONE_15,Apple,JURONG WEST
1380,Yes,Yes,Malay,160,227,17/6/2024,IPHONE_15,Apple,HOUGANG
1381,Yes,Yes,Malay,825,48,10/9/2024,IPHONE_15,Apple,ANG MO KIO
1382,Yes,Yes,Malay,516,217,14/3/2024,IPHONE_15,Apple,MUSEUM
1383,Yes,Yes,Malay,651,59,1/1/2024,IPHONE_15,Apple,DOWNTOWN CORE
1384,Yes,Yes,Malay,284,281,17/7/2024,IPHONE_15,Apple,MUSEUM
1385,Yes,Yes,Malay,959,267,14/8/2024,IPHONE_15,Apple,PIONEER
1386,Yes,Yes,Malay,187,180,18/4/2024,IPHONE_15,Apple,CHANGI BAY
1387,Yes,Yes,Malay,455,265,29/2/2024,IPHONE_15,Apple,BOON LAY
1388,Yes,Yes,Malay,254,58,18/7/2024,IPHONE_15,Apple,GEYLANG
1389,Yes,Yes,Malay,752,54,22/4/2024,IPHONE_15,Apple,STRAITS VIEW
1390,Yes,Yes,Malay,7,284,15/1/2024,IPHONE_15,Apple,JURONG WEST
1391,Yes,Yes,Malay,235,260,11/7/2024,IPHONE_15,Apple,BUKIT BATOK
1392,Yes,Yes,Malay,928,114,28/6/2024,IPHONE_15,Apple,HOUGANG
1393,Yes,Yes,Malay,645,85,27/2/2024,IPHONE_15,Apple,ORCHARD
1394,Yes,Yes,Malay,670,47,4/8/2024,IPHONE_15,Apple,MUSEUM
1395,Yes,Yes,Malay,774,210,10/4/2024,IPHONE_15,Apple,BOON LAY
1396,Yes,Yes,Malay,628,198,25/7/2024,IPHONE_15,Apple,QUEENSTOWN
1397,Yes,Yes,Malay,706,283,20/9/2024,IPHONE_15,Apple,CHANGI BAY
1398,Yes,Yes,Malay,593,39,18/5/2024,IPHONE_15,Apple,TAMPINES
1399,Yes,Yes,Malay,359,118,22/5/2024,IPHONE_15,Apple,BEDOK
1400,Yes,Yes,Malay,127,197,9/9/2024,IPHONE_15,Apple,PAYA LEBAR
1401,Yes,Yes,Malay,894,174,9/8/2024,IPHONE_15,Apple,TOA PAYOH
1402,Yes,Yes,Malay,108,275,26/7/2024,IPHONE_15,Apple,SOUTHERN ISLANDS
1403,Yes,Yes,Malay,332,271,4/3/2024,IPHONE_15,Apple,CHANGI BAY
1404,Yes,Yes,Malay,436,148,12/2/2024,IPHONE_15,Apple,DOWNTOWN CORE
1405,Yes,Yes,Malay,62,60,6/8/2024,IPHONE_15,Apple,NEWTON
1406,Yes,Yes,Malay,265,245,6/4/2024,IPHONE_15,Apple,BUKIT TIMAH
1407,Yes,Yes,Malay,559,280,19/4/2024,IPHONE_15,Apple,PASIR RIS
1408,Yes,Yes,Malay,627,16,3/1/2024,IPHONE_15,Apple,MARINA EAST
1409,Yes,Yes,Malay,261,84,8/3/2024,IPHONE_15,Apple,TAMPINES
1410,Yes,Yes,Malay,196,288,9/7/2024,IPHONE_15,Apple,CHANGI BAY
1411,Yes,Yes,Malay,226,205,29/1/2024,IPHONE_15,Apple,CLEMENTI
1412,Yes,Yes,Malay,329,176,16/8/2024,IPHONE_15,Apple,OUTRAM
1413,Yes,Yes,Malay,439,50,24/9/2024,SAMSUNG_S24,Apple,CHOA CHU KANG
1414,Yes,No,Malay,612,155,6/9/2024,SAMSUNG_S24,Apple,TOA PAYOH
1415,Yes,No,Malay,63,8,7/5/2024,SAMSUNG_S24,Apple,ROCHOR
1416,Yes,No,Malay,10,184,24/9/2024,SAMSUNG_S24,Apple,BUKIT PANJANG
1417,Yes,No,Malay,659,260,27/6/2024,SAMSUNG_S24,Apple,BUKIT BATOK
1418,Yes,No,Malay,314,86,28/5/2024,SAMSUNG_S24,Apple,MARINA EAST
1419,Yes,No,Malay,608,164,24/3/2024,SAMSUNG_S24,Apple,SERANGOON
1420,Yes,No,Malay,266,270,26/2/2024,SAMSUNG_S24,Apple,CLEMENTI
1421,Yes,No,Malay,750,168,24/9/2024,SAMSUNG_S24,Apple,MARINA EAST
1422,Yes,No,Malay,478,42,10/8/2024,SAMSUNG_S24,Apple,MARINA EAST
1423,Yes,No,Malay,141,149,27/8/2024,SAMSUNG_S24,Apple,STRAITS VIEW
1424,Yes,No,Malay,373,159,12/2/2024,SAMSUNG_S24,Apple,NEWTON
1425,Yes,No,Malay,405,263,29/6/2024,SAMSUNG_S24,Apple,PAYA LEBAR
1426,Yes,No,Malay,176,225,9/6/2024,SAMSUNG_S24,Apple,PAYA LEBAR
1427,Yes,No,Malay,345,262,22/2/2024,SAMSUNG_S24,Apple,TAMPINES
1428,Yes,No,Malay,588,140,28/5/2024,SAMSUNG_S24,Apple,CHANGI BAY
1429,Yes,No,Malay,629,112,14/1/2024,SAMSUNG_S24,Apple,ORCHARD
1430,Yes,No,Malay,453,220,22/1/2024,SAMSUNG_S24,Apple,TUAS
1431,Yes,No,Malay,883,263,29/1/2024,SAMSUNG_S24,Apple,BUKIT MERAH
1432,Yes,No,Malay,632,30,13/3/2024,SAMSUNG_S24,Apple,STRAITS VIEW
1433,Yes,No,Malay,847,52,13/5/2024,SAMSUNG_S24,Apple,BUKIT MERAH
1434,Yes,No,Malay,497,33,27/7/2024,SAMSUNG_S24,Apple,DOWNTOWN CORE
1435,Yes,No,Malay,50,124,7/5/2024,SAMSUNG_S24,Apple,PIONEER
1436,Yes,No,Malay,298,261,16/2/2024,SAMSUNG_S24,Apple,BEDOK
1437,Yes,No,Malay,291,269,5/2/2024,SAMSUNG_S24,Apple,GEYLANG
1438,Yes,No,Malay,962,181,12/8/2024,SAMSUNG_S24,Apple,BISHAN
1439,Yes,No,Malay,581,3,1/9/2024,SAMSUNG_S24,Apple,MARINA EAST
1440,Yes,No,Malay,199,0,29/5/2024,SAMSUNG_S24,Apple,QUEENSTOWN
1441,Yes,No,Malay,58,175,27/2/2024,SAMSUNG_S24,Apple,SOUTHERN ISLANDS
1442,Yes,No,Malay,945,64,10/9/2024,SAMSUNG_S24,Apple,PASIR RIS
1443,Yes,No,Malay,468,11,17/4/2024,SAMSUNG_S24,Apple,TOA PAYOH
1444,Yes,No,Malay,174,286,15/4/2024,SAMSUNG_S24,Apple,ORCHARD
1445,Yes,No,Malay,252,14,27/7/2024,SAMSUNG_S24,Apple,BISHAN
1446,Yes,No,Malay,64,46,28/2/2024,SAMSUNG_S24,Apple,NEWTON
1447,Yes,No,Malay,29,255,15/8/2024,SAMSUNG_S24,Apple,ROCHOR
1448,Yes,No,Malay,870,250,11/9/2024,SAMSUNG_S24,Apple,BUKIT TIMAH
1449,Yes,No,Malay,924,277,22/6/2024,SAMSUNG_S24,Apple,QUEENSTOWN
1450,Yes,No,Malay,695,245,6/7/2024,SAMSUNG_S24,Apple,CHOA CHU KANG
1451,Yes,No,Malay,187,274,12/4/2024,SAMSUNG_S24,Apple,TOA PAYOH
1452,Yes,No,Malay,480,42,10/9/2024,SAMSUNG_S24,Apple,ANG MO KIO
1453,Yes,No,Malay,944,111,22/8/2024,SAMSUNG_S24,Apple,BEDOK
1454,Yes,No,Malay,254,297,30/7/2024,SAMSUNG_S24,Apple,PASIR RIS
1455,Yes,No,Malay,613,237,9/1/2024,SAMSUNG_S24,Apple,ORCHARD
1456,Yes,No,Malay,390,86,27/4/2024,SAMSUNG_S24,Apple,BUKIT PANJANG
1457,Yes,No,Malay,869,161,24/6/2024,SAMSUNG_S24,Apple,MARINA EAST
1458,Yes,No,Malay,161,27,1/2/2024,SAMSUNG_S24,Apple,ROCHOR
1459,Yes,No,Malay,117,24,11/2/2024,SAMSUNG_S24,Apple,RIVER VALLEY
1460,Yes,No,Malay,751,136,19/1/2024,SAMSUNG_S24,Apple,QUEENSTOWN
1461,Yes,No,Malay,821,263,14/6/2024,SAMSUNG_S24,Apple,BEDOK
1462,Yes,No,Malay,801,151,5/7/2024,SAMSUNG_S24,Apple,BUKIT BATOK
1463,Yes,No,Malay,515,161,18/5/2024,SAMSUNG_S24,Apple,GEYLANG
1464,Yes,No,Malay,668,19,22/5/2024,SAMSUNG_S24,Apple,SERANGOON
1465,Yes,No,Malay,587,14,16/8/2024,SAMSUNG_S24,Apple,MARINE PARADE
1466,Yes,No,Malay,204,62,3/7/2024,SAMSUNG_S24,Apple,JURONG EAST
1467,Yes,No,Malay,987,32,12/2/2024,SAMSUNG_S24,Apple,BUKIT TIMAH
1468,Yes,No,Malay,138,99,31/1/2024,SAMSUNG_S24,Apple,ROCHOR
1469,Yes,No,Malay,777,192,26/1/2024,SAMSUNG_S24,Apple,TANGLIN
1470,Yes,No,Malay,382,140,15/6/2024,SAMSUNG_S24,Apple,PASIR RIS
1471,Yes,No,Malay,789,31,16/4/2024,SAMSUNG_S24,Apple,QUEENSTOWN
1472,Yes,No,Malay,506,26,16/2/2024,SAMSUNG_S24,Apple,ANG MO KIO
1473,Yes,No,Malay,621,197,12/8/2024,SAMSUNG_S24,Apple,BEDOK
1474,Yes,No,Malay,831,217,30/6/2024,SAMSUNG_S24,Apple,TANGLIN
1475,Yes,No,Malay,469,204,27/3/2024,SAMSUNG_S24,Apple,SERANGOON
1476,Yes,No,Malay,7,235,1/6/2024,SAMSUNG_S24,Apple,BISHAN
1477,Yes,No,Malay,185,184,22/5/2024,SAMSUNG_S24,Apple,RIVER VALLEY
1478,Yes,No,Malay,691,15,1/9/2024,SAMSUNG_S24,Apple,BUKIT TIMAH
1479,Yes,No,Malay,67,145,14/1/2024,SAMSUNG_S24,Apple,JURONG EAST
1480,Yes,No,Malay,433,152,15/2/2024,SAMSUNG_S24,Apple,NEWTON
1481,Yes,No,Malay,969,158,5/7/2024,SAMSUNG_S24,Apple,QUEENSTOWN
1482,Yes,No,Malay,668,255,8/5/2024,SAMSUNG_S24,Apple,OUTRAM
1483,Yes,No,Malay,537,48,10/9/2024,SAMSUNG_S24,Apple,PIONEER
1484,Yes,No,Malay,83,10,14/8/2024,SAMSUNG_S24,Apple,BEDOK
1485,Yes,No,Malay,619,263,19/2/2024,SAMSUNG_S24,Apple,BEDOK
1486,Yes,No,Malay,892,145,25/6/2024,SAMSUNG_S24,Apple,ROCHOR
1487,Yes,No,Malay,355,36,27/1/2024,SAMSUNG_S24,Apple,TUAS
1488,Yes,No,Malay,567,193,29/1/2024,SAMSUNG_S24,Apple,STRAITS VIEW
1489,Yes,No,Malay,957,32,6/8/2024,SAMSUNG_S24,Apple,TOA PAYOH
1490,Yes,No,Malay,76,161,22/9/2024,SAMSUNG_S24,Apple,NEWTON
1491,Yes,No,Malay,578,297,2/3/2024,SAMSUNG_S24,Apple,HOUGANG
1492,Yes,No,Malay,13,212,6/4/2024,SAMSUNG_S24,Apple,BUKIT TIMAH
1493,Yes,No,Malay,860,132,16/9/2024,SAMSUNG_S24,Apple,BISHAN
1494,Yes,No,Malay,17,99,1/3/2024,SAMSUNG_S24,Apple,CHOA CHU KANG
1495,Yes,No,Malay,650,249,18/4/2024,SAMSUNG_S24,Apple,BUKIT PANJANG
1496,Yes,No,Malay,981,81,3/1/2024,SAMSUNG_S24,Apple,GEYLANG
1497,Yes,No,Malay,308,216,27/2/2024,SAMSUNG_S24,Apple,ORCHARD
1498,Yes,No,Malay,104,226,4/5/2024,SAMSUNG_S24,Apple,BISHAN
1499,Yes,No,Malay,440,182,17/5/2024,SAMSUNG_S24,Apple,OUTRAM
1500,Yes,No,Malay,312,296,23/2/2024,SAMSUNG_S24,Apple,PIONEER
1501,Yes,No,Malay,519,254,21/9/2024,SAMSUNG_S24,Apple,GEYLANG
1502,Yes,No,Malay,16,152,10/1/2024,SAMSUNG_S24,Apple,ORCHARD
1503,Yes,No,Malay,539,265,9/8/2024,SAMSUNG_S24,Apple,BISHAN
1504,Yes,No,Malay,242,188,4/7/2024,SAMSUNG_S24,Apple,OUTRAM
1505,Yes,No,Malay,422,218,23/8/2024,SAMSUNG_S24,Apple,PIONEER
1506,Yes,No,Malay,149,276,2/4/2024,SAMSUNG_S24,Apple,RIVER VALLEY
1507,Yes,No,Malay,504,293,25/1/2024,SAMSUNG_S24,Apple,BUKIT TIMAH
1508,Yes,No,Malay,41,198,30/4/2024,SAMSUNG_S24,Apple,JURONG EAST
1509,Yes,No,Malay,241,203,6/1/2024,SAMSUNG_S24,Apple,NEWTON
1510,Yes,No,Malay,467,124,15/4/2024,SAMSUNG_S24,Apple,QUEENSTOWN
1511,Yes,No,Malay,950,260,26/7/2024,SAMSUNG_S24,Apple,OUTRAM
1512,Yes,No,Malay,235,75,4/2/2024,SAMSUNG_S24,Apple,PIONEER
1513,Yes,No,Malay,399,293,25/6/2024,SAMSUNG_S24,Apple,BEDOK
1514,Yes,No,Malay,927,26,5/3/2024,SAMSUNG_S24,Apple,BEDOK
1515,Yes,No,Malay,777,9,20/4/2024,SAMSUNG_S24,Apple,ROCHOR
1516,Yes,No,Malay,212,193,30/9/2024,SAMSUNG_S24,Apple,BUKIT PANJANG
1517,Yes,No,Malay,281,277,30/8/2024,SAMSUNG_S24,Apple,MARINA EAST
1518,Yes,No,Malay,184,24,4/2/2024,SAMSUNG_S24,Apple,ROCHOR
1519,Yes,No,Malay,512,195,14/5/2024,SAMSUNG_S24,Apple,RIVER VALLEY
1520,Yes,No,Malay,133,233,30/5/2024,SAMSUNG_S24,Apple,QUEENSTOWN
1521,Yes,No,Malay,774,249,22/5/2024,SAMSUNG_S24,Apple,BEDOK
1522,Yes,No,Malay,58,25,24/2/2024,SAMSUNG_S24,Apple,BUKIT BATOK
1523,Yes,No,Malay,501,66,8/2/2024,SAMSUNG_S24,Apple,PAYA LEBAR
1524,Yes,No,Malay,206,235,3/7/2024,SAMSUNG_S24,Apple,TOA PAYOH
1525,Yes,No,Malay,239,237,8/9/2024,SAMSUNG_S24,Apple,SOUTHERN ISLANDS
1526,Yes,No,Malay,895,99,27/5/2024,SAMSUNG_S24,Apple,CHANGI BAY
1527,Yes,No,Malay,684,81,14/4/2024,SAMSUNG_S24,Apple,DOWNTOWN CORE
1528,Yes,No,Malay,5,67,23/9/2024,SAMSUNG_S24,Apple,NEWTON
1529,Yes,No,Malay,781,19,3/3/2024,SAMSUNG_S24,Apple,BUKIT TIMAH
1530,Yes,No,Malay,195,133,26/8/2024,SAMSUNG_S24,Apple,PIONEER
1531,Yes,No,Malay,835,25,24/3/2024,SAMSUNG_S24,Apple,BUKIT BATOK
1532,Yes,No,Malay,635,47,19/2/2024,SAMSUNG_S24,Apple,NEWTON
1533,Yes,No,Malay,595,287,4/3/2024,SAMSUNG_S24,Apple,DOWNTOWN CORE
1534,Yes,No,Malay,247,74,13/8/2024,SAMSUNG_S24,Apple,HOUGANG
1535,Yes,No,Malay,324,83,2/1/2024,SAMSUNG_S24,Apple,BUKIT BATOK
1536,Yes,No,Malay,772,62,2/5/2024,SAMSUNG_S24,Apple,PIONEER
1537,Yes,No,Malay,851,197,19/2/2024,SAMSUNG_S24,Apple,BUKIT TIMAH
1538,Yes,No,Malay,340,287,10/5/2024,SAMSUNG_S24,Apple,TAMPINES
1539,Yes,No,Malay,824,262,4/5/2024,SAMSUNG_S24,Apple,TENGAH
1540,Yes,No,Malay,145,133,12/6/2024,SAMSUNG_S24,Apple,QUEENSTOWN
1541,Yes,No,Malay,713,153,31/5/2024,SAMSUNG_S24,Apple,MARINA EAST
1542,Yes,No,Malay,152,227,11/8/2024,SAMSUNG_S24,Apple,BOON LAY
1543,Yes,No,Malay,183,35,27/8/2024,SAMSUNG_S24,Apple,SINGAPORE RIVER
1544,Yes,No,Malay,659,240,17/9/2024,SAMSUNG_S24,Apple,KALLANG
1545,Yes,No,Malay,800,184,8/8/2024,SAMSUNG_S24,Apple,PASIR RIS
1546,Yes,No,Malay,245,54,29/8/2024,SAMSUNG_S24,Andriod,JURONG EAST
1547,Yes,No,Malay,375,109,27/7/2024,SAMSUNG_S24,Andriod,SERANGOON
1548,Yes,No,Malay,575,80,3/3/2024,SAMSUNG_S24,Andriod,BUKIT BATOK
1549,Yes,No,Malay,681,286,6/5/2024,SAMSUNG_S24,Andriod,NEWTON
1550,Yes,No,Malay,298,40,26/1/2024,SAMSUNG_S24,Andriod,OUTRAM
1551,Yes,No,Malay,719,184,17/7/2024,SAMSUNG_S24,Andriod,SERANGOON
1552,Yes,No,Malay,561,105,28/7/2024,SAMSUNG_S24,Andriod,JURONG WEST
1553,Yes,No,Indian,189,234,23/4/2024,SAMSUNG_S24,Andriod,CHOA CHU KANG
1554,Yes,No,Indian,505,135,29/6/2024,SAMSUNG_S24,Andriod,WESTERN ISLANDS
1555,Yes,No,Indian,272,100,12/7/2024,SAMSUNG_S24,Andriod,NEWTON
1556,Yes,No,Indian,219,178,29/9/2024,SAMSUNG_S24,Andriod,BUKIT TIMAH
1557,Yes,No,Indian,48,201,24/3/2024,SAMSUNG_S24,Andriod,PIONEER
1558,Yes,No,Indian,933,40,1/8/2024,SAMSUNG_S24,Andriod,BUKIT BATOK
1559,Yes,No,Indian,903,108,3/2/2024,SAMSUNG_S24,Andriod,NEWTON
1560,Yes,No,Indian,504,140,29/2/2024,SAMSUNG_S24,Andriod,DOWNTOWN CORE
1561,Yes,No,Indian,552,64,17/2/2024,SAMSUNG_S24,Andriod,HOUGANG
1562,Yes,No,Indian,963,240,12/2/2024,SAMSUNG_S24,Andriod,BUKIT BATOK
1563,Yes,No,Indian,112,104,19/5/2024,SAMSUNG_S24,Andriod,PIONEER
1564,Yes,No,Indian,214,79,13/9/2024,SAMSUNG_S24,Andriod,NEWTON
1565,Yes,No,Indian,187,12,16/6/2024,SAMSUNG_S24,Andriod,BUKIT TIMAH
1566,Yes,No,Indian,709,116,18/7/2024,SAMSUNG_S24,Andriod,PIONEER
1567,Yes,No,Indian,86,66,9/8/2024,SAMSUNG_S24,Andriod,BUKIT BATOK
1568,Yes,No,Indian,947,167,7/1/2024,SAMSUNG_S24,Andriod,NEWTON
1569,Yes,No,Indian,779,93,25/7/2024,SAMSUNG_S24,Andriod,DOWNTOWN CORE
1570,Yes,No,Indian,194,85,9/7/2024,SAMSUNG_S24,Andriod,HOUGANG
1571,Yes,No,Indian,670,221,16/4/2024,SAMSUNG_S24,Andriod,BUKIT BATOK
1572,Yes,No,Indian,622,125,10/8/2024,SAMSUNG_S24,Andriod,PIONEER
1573,Yes,No,Indian,813,34,21/9/2024,SAMSUNG_S24,Andriod,DOWNTOWN CORE
1574,Yes,No,Indian,835,206,14/9/2024,SAMSUNG_S24,Andriod,HOUGANG
1575,Yes,No,Indian,315,127,31/7/2024,SAMSUNG_S24,Andriod,TOA PAYOH
